Hình ảnh,Thương lượng giá,Ngân hàng bảo lãnh
cho xin ảnh,giảm không,ngân hàng nào hỗ trợ
cho xin hình ảnh,giảm ko,ngân hàng nào bảo lãnh
cho xem ảnh,giảm k,ngân hàng nào cho vay
cho xem hình ảnh,giảm hông,ngân hàng gì hỗ trợ
cho coi ảnh,giảm kg,ngân hàng gì bảo lãnh
cho coi hình ảnh,có bớt không,ngân hàng gì cho vay
,có bớt ko,n.hàng nào hỗ trợ
,có bớt k,n.hàng nào bảo lãnh
,có bớt hông,n.hàng nào cho vay
,có bớt kg,n.hàng gì hỗ trợ
,không giảm à,n.hàng gì bảo lãnh
,không giảm ah,n.hàng gì cho vay
,không giảm hả,
,không giảm sao,
,không bớt à,
,không bớt ah,
,không bớt hả,
,không bớt sao,
,không hạ à,
,không hạ ah,
,không hạ hả,
,không hạ sao,
,ko giảm à,
,ko giảm ah,
,ko giảm hả,
,ko giảm sao,
,ko bớt à,
,ko bớt ah,
,ko bớt hả,
,ko bớt sao,
,ko hạ à,
,ko hạ ah,
,ko hạ hả,
,ko hạ sao,
,k giảm à,
,k giảm ah,
,k giảm hả,
,k giảm sao,
,k bớt à,
,k bớt ah,
,k bớt hả,
,k bớt sao,
,k hạ à,
,k hạ ah,
,k hạ hả,
,k hạ sao,
,hông giảm à,
,hông giảm ah,
,hông giảm hả,
,hông giảm sao,
,hông bớt à,
,hông bớt ah,
,hông bớt hả,
,hông bớt sao,
,hông hạ à,
,hông hạ ah,
,hông hạ hả,
,hông hạ sao,
,kg giảm à,
,kg giảm ah,
,kg giảm hả,
,kg giảm sao,
,kg bớt à,
,kg bớt ah,
,kg bớt hả,
,kg bớt sao,
,kg hạ à,
,kg hạ ah,
,kg hạ hả,
,kg hạ sao,
